model,exact_match,rouge1_f1,rouge2_f1,rougeL_f1,bleu,meteor,inference_time_sec
Meta-Llama-3.1-8B,0.061764705882352944,0.29720535124642355,0.2544687332356789,0.2903352372250937,0.10323861673151256,0.5078931723791452,252.81607627868652
Aya-23-8B,0.0,0.15419939965399854,0.11683152578387954,0.14643893216693976,0.0546920867368623,0.35214878497310653,213.33034443855286
SeaLLMs-v3-7B,0.3941176470588235,0.7046521463966533,0.6405486394711408,0.6947693280866767,0.46084365022024526,0.7294281574357964,194.5272855758667
SEA-LION-v3-8B,0.3029411764705882,0.45586675718182007,0.422828494015716,0.45548416723989543,0.10298759984059025,0.5494006260305732,251.88625025749207
Sahabat-AI-8B,0.4323529411764706,0.7464743648022294,0.6858795881221833,0.7404628123710051,0.5137839014439137,0.7630812645118097,7401.672638893127
