model,exact_match,rouge1_f1,rouge2_f1,rougeL_f1,bleu,meteor,inference_time_sec
Meta-Llama-3.1-8B,0.0,0.21100070523057624,0.16559382007527865,0.19878946925289698,0.08205236318093753,0.4343791699083736,251.35427331924438
Aya-23-8B,0.0,0.16748197300926576,0.12912274178640276,0.15935837146805393,0.06052139772705462,0.36755262604511046,213.15907979011536
SeaLLMs-v3-7B,0.2676470588235294,0.6134625950945036,0.5392953641343294,0.595445924786516,0.2440616775979489,0.6751762526424675,192.20503759384155
SEA-LION-v3-8B,0.0,0.2199200490382411,0.171336976512767,0.20727264495744627,0.08505366781324361,0.43972789369332016,251.31431937217712
Sahabat-AI-8B,0.22058823529411764,0.5327573092654452,0.46896298223321137,0.516877674087159,0.18529214632583224,0.6174252558622003,7991.420414686203
