model,exact_match,rouge1_f1,rouge2_f1,rougeL_f1,bleu,meteor,inference_time_sec
Meta-Llama-3.1-8B,0.0,0.20809620867180734,0.16221530708485044,0.19607348409794245,0.08085361531804747,0.4232825825955247,251.26338005065918
Aya-23-8B,0.0,0.16598398572537748,0.12746660461121762,0.15769454913855052,0.05944781815754014,0.3665489657025811,213.16305422782898
SeaLLMs-v3-7B,0.20588235294117646,0.5647626878235616,0.48806553942932207,0.5448992523343367,0.20475120833025445,0.6437653352792564,192.05186867713928
SEA-LION-v3-8B,0.0,0.22073317212900903,0.1698307063266798,0.20391537390059283,0.08324661627094956,0.4250479173632641,251.24974036216736
Sahabat-AI-8B,0.09117647058823529,0.4708761360931638,0.39798017205393976,0.4532925534290934,0.17946915215868592,0.5871738515684497,7934.311799049377
