model,exact_match,rouge1_f1,rouge2_f1,rougeL_f1,bleu,meteor,inference_time_sec
Meta-Llama-3.1-8B,0.0,0.20800263544601993,0.16230629026483462,0.1940107951125627,0.08040250182548603,0.4289363813372377,247.4013273715973
Aya-23-8B,0.0,0.16633045405431118,0.1263420822419406,0.15807967770708692,0.05879972921946303,0.3663970467018122,209.41957592964172
SeaLLMs-v3-7B,0.1264705882352941,0.5126945218653101,0.4305998073836772,0.49070772620774356,0.18014991318148996,0.6119614484687887,188.97177863121033
SEA-LION-v3-8B,0.0,0.2217319120926889,0.16948296603321011,0.2052212338283614,0.08194630283525599,0.43029842326622025,247.26468515396118
Sahabat-AI-8B,0.047058823529411764,0.42588212490815247,0.3440736870854476,0.4082832495997778,0.16303778591432785,0.5390303528292362,7385.979722976685
