model,exact_match,rouge1_f1,rouge2_f1,rougeL_f1,bleu,meteor,inference_time_sec
Meta-Llama-3.1-8B,0.0,0.6622487783462212,0.5174527894011576,0.6221079274752604,0.4634019572105536,0.6321122852208949,15.955060482025146
Aya-23-8B,0.0,0.5981269228040051,0.454311837440177,0.5537189401195963,0.4002889323551221,0.5552166428067667,15.880303382873535
SeaLLMs-v3-7B,0.0,0.6705684989245333,0.5161512582888419,0.6191747242197128,0.4325824032339059,0.670576771637057,14.635773420333862
SEA-LION-v3-8B,0.0,0.611026323169136,0.46308193025445954,0.569173716873262,0.3917164848226772,0.6177886053396612,15.837154150009155
Sahabat-AI-8B,0.0,0.6835001098930459,0.5429519461629095,0.6406257778025439,0.47071071882870547,0.666757004559036,119.43489909172058
