model,exact_match,rouge1_f1,rouge2_f1,rougeL_f1,bleu,meteor,inference_time_sec
Meta-Llama-3.1-8B,0.0,0.6627490789736793,0.5169625636368158,0.6220191974085556,0.4634019572105536,0.6321122852208949,16.789862155914307
Aya-23-8B,0.0,0.5954945662423607,0.4510206790201712,0.5552274680816238,0.4002889323551221,0.5552166428067667,16.68120527267456
SeaLLMs-v3-7B,0.0,0.6694003237344521,0.5149841040944162,0.6198768083702441,0.4325824032339059,0.670576771637057,15.48996877670288
SEA-LION-v3-8B,0.0,0.6103299833598415,0.4627350685050553,0.5677313305749819,0.3917164848226772,0.6177886053396612,16.756863594055176
Sahabat-AI-8B,0.0,0.6843061852790507,0.5420669932288353,0.6413936733787942,0.47071071882870547,0.666757004559036,128.03506326675415
