model,exact_match,rouge1_f1,rouge2_f1,rougeL_f1,bleu,meteor,inference_time_sec
Meta-Llama-3.1-8B,0.0,0.20845579936422726,0.1632925852222865,0.19437033998100367,0.08087746188069748,0.4277759439169197,252.0018174648285
Aya-23-8B,0.0,0.1672029501142249,0.12762853708696423,0.1586442489517007,0.059820533147137804,0.37005335998730476,213.66021537780762
SeaLLMs-v3-7B,0.13823529411764707,0.5174350562871214,0.43662536306042365,0.49631245550256564,0.181270464476637,0.6148747500866689,193.92812657356262
SEA-LION-v3-8B,0.0,0.2224380273140957,0.16971091591875867,0.2050546486370305,0.08195988072538303,0.4317141624477543,251.75634813308716
Sahabat-AI-8B,0.047058823529411764,0.42904676679531417,0.34806382071785935,0.41195573969357446,0.1641239253539384,0.54383026799106,8107.583547592163
