model,exact_match,rouge1_f1,rouge2_f1,rougeL_f1,bleu,meteor,inference_time_sec
Meta-Llama-3.1-8B,0.0,0.21153490853916052,0.16600597496396363,0.19702057570938303,0.08264196322253643,0.4358492436532756,255.7383894920349
Aya-23-8B,0.0,0.16606691760013068,0.12664046453902988,0.15797994464176868,0.05843426260161749,0.3700410070460397,213.61382818222046
SeaLLMs-v3-7B,0.15,0.5384150660629031,0.45865952694794593,0.5184412931522961,0.20393418796202273,0.623689500453732,192.55290532112122
SEA-LION-v3-8B,0.0,0.22173110645626393,0.17062787533128093,0.2080317993783939,0.08489456638483131,0.4311998939814686,251.7478551864624
Sahabat-AI-8B,0.12058823529411765,0.4922319655050472,0.4135181968138997,0.47631662398550034,0.19078101188290358,0.5569444747950288,7977.458092212677
