model,exact_match,rouge1_f1,rouge2_f1,rougeL_f1,bleu,meteor,inference_time_sec
Meta-Llama-3.1-8B,0.0,0.6527312224473758,0.5064735384110945,0.6131523748305311,0.44962650018668743,0.6276796643496797,154.10713243484497
Aya-23-8B,0.0034562211981566822,0.6056941126304544,0.45856339811130903,0.5659115089297895,0.38635639177420844,0.5843165873203419,151.40103387832642
SeaLLMs-v3-7B,0.0069124423963133645,0.6570823564211616,0.5024185566107752,0.6055272094599551,0.40590553112287836,0.6610109595196674,140.31958389282227
Sahabat-AI-8B,0.0069124423963133645,0.6780929562393441,0.5293495146688145,0.6337181839190256,0.45455910276574835,0.6630269461553094,1186.3786969184875
