model,exact_match,rouge1_f1,rouge2_f1,rougeL_f1,bleu,meteor,inference_time_sec
Meta-Llama-3.1-8B,0.029411764705882353,0.7244149543815652,0.6328877852501944,0.7187328547448892,0.5602655622650503,0.6917986377401765,10.90814471244812
Aya-23-8B,0.058823529411764705,0.6722070532357478,0.5797638099651726,0.6623916766836663,0.5498459325111615,0.656145316393613,11.65501093864441
SeaLLMs-v3-7B,0.029411764705882353,0.6945908585907159,0.600447627461832,0.6800741289420905,0.5322872370101543,0.6784898696716168,10.803724765777588
Sahabat-AI-8B,0.08823529411764706,0.767187881438621,0.675014979750417,0.7506406689988192,0.6087476967541787,0.752044515427591,60.36074209213257
