model,exact_match,rouge1_f1,rouge2_f1,rougeL_f1,bleu,meteor,inference_time_sec
Meta-Llama-3.1-8B,0.0,0.6524133141576067,0.5062984935628103,0.6132722886982422,0.44962650018668743,0.6276796643496797,150.66787672042847
Aya-23-8B,0.0034562211981566822,0.605691889131877,0.4583201421803239,0.5658142980779611,0.38635639177420844,0.5843165873203419,151.2366988658905
SeaLLMs-v3-7B,0.0069124423963133645,0.656909326746683,0.5023286266642022,0.6060102919635906,0.40590553112287836,0.6610109595196674,140.01760363578796
Sahabat-AI-8B,0.0069124423963133645,0.6778731348896722,0.5290447764990545,0.6338455639438958,0.45455910276574835,0.6630269461553094,1185.8418579101562
