model,exact_match,rouge1_f1,rouge2_f1,rougeL_f1,bleu,meteor,inference_time_sec
Meta-Llama-3.1-8B,0.0,0.21717419173234417,0.17521610524895434,0.20700374310500191,0.08822922002865928,0.45353133493559095,251.51765966415405
Aya-23-8B,0.0,0.16419439333422894,0.12547488459197856,0.155770485808944,0.058607367362246005,0.3698765170079802,213.31010222434998
SeaLLMs-v3-7B,0.24411764705882352,0.6263275635206718,0.5485750212990015,0.6098694644874276,0.29225308228037183,0.6889451320861241,192.2710304260254
SEA-LION-v3-8B,0.0,0.20053304433505797,0.14883415089518842,0.19105822897266855,0.06940193609613766,0.4038762850443464,251.49451541900635
Sahabat-AI-8B,0.36176470588235293,0.6919771389812548,0.6203451118473264,0.6813510439691499,0.3376991449047248,0.6992919996502498,8064.0057854652405
